url,city,city_url,price,year,manufacturer,make,condition,cylinders,fuel,odometer,title_status,transmission,VIN,drive,size,type,paint_color,image_url,desc,lat,long
https://abilene.craigslist.org/cto/d/abilene-2006-chevy-equinox/6977574118.html,"abilene, TX",https://abilene.craigslist.org,3500,2006,chevrolet,,excellent,6 cylinders,gas,113000,clean,automatic,,,,,white,https://images.craigslist.org/00e0e_iduGuXQ3P0X_600x450.jpg,"2006 Chevy Equinox with only 113,000 miles. V6, 3.4 Liter. CLEAN title. Car in very good condition with zero mechanical problem...drives smooth and all features working well. AC and heating working well. Come check this one out.",32.401556,-99.884713
https://abilene.craigslist.org/cto/d/austin-2002-lexus-es300/6977543697.html,"abilene, TX",https://abilene.craigslist.org,3399,2002,lexus,es300,good,6 cylinders,gas,140000,clean,automatic,,,,,,https://images.craigslist.org/00000_fJJiWIlx3zd_600x450.jpg,"Nice and very reliable luxury family sedan.  Ac cold, tires good, tags good, clean and roomy leather interior, sunroof, clean body, no wrecks, no leaks, drives great, clean title and ready to go.. 512619345o tex",30.1204,-97.7433
https://abilene.craigslist.org/cto/d/aspermont-2009-chevrolet-suburban-lt/6977351526.html,"abilene, TX",https://abilene.craigslist.org,9000,2009,chevrolet,suburban lt2,good,8 cylinders,gas,217743,clean,automatic,1GFNC26099R211276,rwd,full-size,SUV,white,https://images.craigslist.org/00909_5P6f1E6zHlj_600x450.jpg,"2WD 1/2 ton
Leather Captains Chairs
In good condition- 217743 miles
2 owner family car",33.1301,-100.2344
https://abilene.craigslist.org/ctd/d/liberty-hill-2012-ram-2500-slt-mega-cab/6977347322.html,"abilene, TX",https://abilene.craigslist.org,31999,2012,ram,2500,,,diesel,,clean,automatic,,,,,,https://images.craigslist.org/00u0u_24XW8uhLYPb_600x450.jpg,"www.GETADIESEL.com
2012 RAM 2500 SLT 4X4 MEGA CAB

6.7L CUMMINS TURBO DIESEL

6 AUTOMATIC TRANSMISSION 

4 WHEEL DRIVE

ONLY 110K MILES

2 OWNER

TEXAS TRUCK 

35X12.50X17 BFG AT TIRES

FIXED CENTER CONSOLE

POWER DRIVER SEAT

POWER SLIDING REAR WINDOW

POWER WINDOWS 

POWER LOCKS

ELECTRONIC 4X4

CARFAX CERTIFIED!! 

CALL OR TEXT FOR MORE PICTURES OR VIDEOS!!!

TRADE INS? YES, WE TAKE THEM! CONTACT US WITH YOUR VEHICLE INFO FOR A FREE APPRAISAL!

WANT TO SELL YOUR CURRENT TRUCK? WE BUY TRUCKS ON THE SPOT! HAVE A PAYOFF? NO PROBLEM!! 

FREE SHIPPING UP TO $1000!! FLY INTO THE AUSTIN AIRPORT AND WE WILL PICK YOU UP AND REIMBURSE YOU FOR YOUR FLIGHT!! 

WE SPECIALIZE IN HARD TO FIND DIESELS! CHECK OUT OUR WEBSITE! OUR INVENTORY IS CONSTANTLY CHANGING WITH NEW ARRIVALS DAILY! 

You are looking at a PRE DEF 2012 Ram 2500 SLT 4x4 Mega Cab. This truck is in good condition and well optioned. This truck is equipped with a factory fixed center console, all of the power options, power sliding rear window. Sitting on a set of 35x12.50x17 BFG All Terrains with tons of life left! The 6.7L Cummins Turbo Diesel runs great with tons of power! The automatic transmission shifts smooth and 4x4 functions like it should!! The interior of this truck cleans up great with no major rips, tears, stains or foul odors! The exterior of this truck is in good condition as well. Some scratches along the driver bedside and a small dent on the passenger bedside behind the rear wheel. Very clean otherwise! The paint is in great condition and shines like new!! 

American Truck Source is a NATIONWIDE dealer! We service anyone, anywhere, anytime! We offer shipping options, we can also pick you up from the airport and bring you directly to the dealership! Call or Txt us for a shipping quote!!

We also offer extremely competitive Financing options! There is a free credit application on our website. We work hard to have the best financing options available with the most competitive rates. Click the link to fill out a Credit Application: https://americantrucksource.com/financing

CONTACT US TODAY @ 512-914-8066
